{"stats":{"minecraft:picked_up":{"minecraft:cocoa_beans":1,"minecraft:red_sandstone_stairs":1,"minecraft:conduit":1,"minecraft:white_carpet":1,"minecraft:oak_sign":1,"minecraft:comparator":2,"minecraft:redstone_torch":18,"minecraft:written_book":254,"minecraft:ender_eye":22,"minecraft:diamond_ore":1,"minecraft:orange_dye":3,"minecraft:cake":2,"minecraft:mushroom_stem":4,"minecraft:repeating_command_block":128,"minecraft:command_block":9,"minecraft:red_sandstone_slab":1,"minecraft:blue_dye":2,"minecraft:purple_dye":3,"minecraft:yellow_dye":1,"minecraft:lapis_lazuli":2,"minecraft:diorite_stairs":1,"minecraft:light_blue_dye":1,"minecraft:iron_ingot":4,"minecraft:bamboo":2,"minecraft:honeycomb":2,"minecraft:oak_planks":1,"minecraft:light_gray_stained_glass":1,"minecraft:gray_glazed_terracotta":1,"minecraft:gray_stained_glass":1,"minecraft:light_gray_terracotta":1,"minecraft:sugar":3,"minecraft:diamond":1,"minecraft:lever":10,"minecraft:painting":2,"minecraft:white_concrete":1},"minecraft:killed":{"minecraft:villager":4,"minecraft:cow":1},"minecraft:dropped":{"minecraft:iron_ingot":4,"minecraft:repeating_command_block":128,"minecraft:orange_dye":3,"minecraft:lapis_lazuli":2,"minecraft:diamond":1,"minecraft:honeycomb":2,"minecraft:command_block":10,"minecraft:purple_dye":3,"minecraft:blue_dye":2,"minecraft:conduit":1,"minecraft:yellow_dye":1,"minecraft:white_concrete":1,"minecraft:light_gray_stained_glass":1,"minecraft:sugar":3,"minecraft:gray_stained_glass":1,"minecraft:lever":11,"minecraft:cocoa_beans":1,"minecraft:light_gray_terracotta":2,"minecraft:gray_glazed_terracotta":1,"minecraft:diorite_stairs":1,"minecraft:comparator":2,"minecraft:ender_eye":22,"minecraft:red_sandstone_slab":1,"minecraft:white_terracotta":1,"minecraft:diamond_ore":1,"minecraft:oak_sign":1,"minecraft:light_blue_dye":1,"minecraft:cake":2,"minecraft:redstone_torch":20,"minecraft:bamboo":2,"minecraft:painting":2,"minecraft:written_book":225,"minecraft:red_sandstone_stairs":1},"minecraft:used":{"minecraft:oak_fence":2,"minecraft:oak_trapdoor":35,"minecraft:purpur_block":41,"minecraft:nether_brick_fence":53,"minecraft:jungle_leaves":1,"minecraft:jack_o_lantern":1,"minecraft:writable_book":2,"minecraft:iron_bars":110,"minecraft:acacia_log":55,"minecraft:dead_tube_coral_block":1,"minecraft:light_gray_stained_glass_pane":3,"minecraft:flint_and_steel":1,"minecraft:melon":8,"minecraft:smooth_quartz_slab":96,"minecraft:dead_horn_coral_block":9,"minecraft:armor_stand":2,"minecraft:red_sandstone_slab":14,"minecraft:spruce_slab":110,"minecraft:redstone":48,"minecraft:oak_sign":419,"minecraft:light_gray_carpet":45,"minecraft:light_blue_terracotta":48,"minecraft:black_carpet":50,"minecraft:spruce_planks":106,"minecraft:chest":2,"minecraft:white_terracotta":3024,"minecraft:stone":749,"minecraft:quartz_stairs":265,"minecraft:player_head":48,"minecraft:spruce_leaves":58,"minecraft:debug_stick":304,"minecraft:torch":8,"minecraft:dirt":210,"minecraft:anvil":7,"minecraft:white_carpet":488,"minecraft:hopper":45,"minecraft:spruce_stairs":153,"minecraft:cobblestone_wall":4,"minecraft:yellow_carpet":5,"minecraft:nether_brick_slab":9,"minecraft:jungle_trapdoor":12,"minecraft:spruce_fence":30,"minecraft:dead_brain_coral_block":1,"minecraft:azure_bluet":12,"minecraft:nether_brick_stairs":55,"minecraft:oak_fence_gate":1,"minecraft:obsidian":1,"minecraft:polished_diorite":8,"minecraft:birch_door":74,"minecraft:red_sandstone_stairs":3,"minecraft:glass":9,"minecraft:brown_terracotta":103,"minecraft:sea_lantern":288,"minecraft:cyan_terracotta":391,"minecraft:coal_ore":22,"minecraft:bricks":4,"minecraft:light_gray_stained_glass":22,"minecraft:bookshelf":51,"minecraft:quartz_pillar":15,"minecraft:villager_spawn_egg":7,"minecraft:quartz_slab":21,"minecraft:grass_block":246,"minecraft:spruce_wood":7,"minecraft:black_stained_glass_pane":10,"minecraft:iron_block":39,"minecraft:light_weighted_pressure_plate":6,"minecraft:oak_stairs":49,"minecraft:brick_stairs":21,"minecraft:acacia_slab":4,"minecraft:quartz_block":1732,"minecraft:dark_oak_slab":165,"minecraft:smooth_quartz":424,"minecraft:dark_oak_button":1,"minecraft:stone_brick_stairs":4,"minecraft:item_frame":293,"minecraft:repeater":286,"minecraft:birch_button":1,"minecraft:tripwire_hook":13,"minecraft:glowstone":27,"minecraft:birch_trapdoor":9,"minecraft:red_carpet":27,"minecraft:gray_glazed_terracotta":1,"minecraft:magma_block":5,"minecraft:snow":196,"minecraft:black_stained_glass":20,"minecraft:scaffolding":2,"minecraft:written_book":41,"minecraft:iron_trapdoor":121,"minecraft:furnace":1,"minecraft:oak_sapling":76,"minecraft:white_stained_glass_pane":103,"minecraft:acacia_fence":21,"minecraft:acacia_wood":12,"minecraft:skeleton_skull":172,"minecraft:stone_pressure_plate":2,"minecraft:dead_bubble_coral_block":1,"minecraft:light_blue_carpet":3,"minecraft:dark_oak_stairs":69,"minecraft:water_bucket":231,"minecraft:diorite":44,"minecraft:ink_sac":120,"minecraft:end_rod":19,"minecraft:cow_spawn_egg":1,"minecraft:end_stone_bricks":2,"minecraft:iron_ore":26,"minecraft:spruce_door":2,"minecraft:light_blue_glazed_terracotta":1,"minecraft:sandstone_stairs":96,"minecraft:snow_block":278,"minecraft:birch_leaves":288,"minecraft:gray_carpet":14,"minecraft:polished_andesite":604,"minecraft:dark_oak_sign":36,"minecraft:jungle_fence":36,"minecraft:oak_planks":1101,"minecraft:sandstone":1035,"minecraft:cut_sandstone":15,"minecraft:redstone_block":60,"minecraft:cauldron":22,"minecraft:beacon":14,"minecraft:clay":318,"minecraft:gold_ore":21,"minecraft:purpur_pillar":20,"minecraft:conduit":26,"minecraft:smooth_quartz_stairs":6,"minecraft:oak_leaves":130,"minecraft:white_wool":258,"minecraft:dark_oak_trapdoor":68,"minecraft:orange_carpet":22,"minecraft:sand":632,"minecraft:purpur_stairs":23,"minecraft:light_gray_banner":7,"minecraft:comparator":83,"minecraft:yellow_terracotta":5,"minecraft:oak_slab":211,"minecraft:crafting_table":3,"minecraft:dead_fire_coral_block":1,"minecraft:birch_sign":27,"minecraft:black_banner":83,"minecraft:light_gray_terracotta":1796,"minecraft:acacia_leaves":1,"minecraft:dark_oak_fence_gate":8,"minecraft:note_block":12,"minecraft:painting":527,"minecraft:spruce_log":8,"minecraft:cake":2,"minecraft:dark_oak_door":31,"minecraft:birch_fence":11,"minecraft:redstone_torch":75,"minecraft:oak_log":179,"minecraft:black_terracotta":1,"minecraft:gray_terracotta":147,"minecraft:piston":11,"minecraft:flower_pot":55,"minecraft:lever":65,"minecraft:black_wool":162,"minecraft:acacia_stairs":6,"minecraft:black_concrete":2153,"minecraft:oxeye_daisy":5,"minecraft:chiseled_sandstone":1,"minecraft:daylight_detector":1,"minecraft:gray_stained_glass_pane":52,"minecraft:command_block":1160,"minecraft:heavy_weighted_pressure_plate":125,"minecraft:barrier":639,"minecraft:oak_button":118,"minecraft:string":8,"minecraft:stone_button":31,"minecraft:cyan_carpet":17,"minecraft:jungle_stairs":143,"minecraft:polished_granite":11,"minecraft:purpur_slab":80,"minecraft:spruce_trapdoor":24,"minecraft:oak_pressure_plate":7,"minecraft:diamond_ore":3,"minecraft:iron_door":9,"minecraft:gravel":92,"minecraft:blue_carpet":21,"minecraft:green_carpet":23,"minecraft:diamond_sword":13,"minecraft:coal_block":1201,"minecraft:andesite":24,"minecraft:white_banner":8,"minecraft:jungle_door":2,"minecraft:lapis_block":12,"minecraft:glass_pane":8,"minecraft:dark_oak_fence":28,"minecraft:chain_command_block":180,"minecraft:white_stained_glass":56,"minecraft:sandstone_slab":12,"minecraft:smooth_stone_slab":661,"minecraft:repeating_command_block":142,"minecraft:end_portal_frame":1,"minecraft:sea_pickle":3,"minecraft:white_concrete":63,"minecraft:bone_meal":104,"minecraft:brown_mushroom_block":19,"minecraft:jukebox":2,"minecraft:cobweb":8,"minecraft:birch_stairs":28,"minecraft:gray_stained_glass":1},"minecraft:crafted":{"minecraft:black_banner":6},"minecraft:custom":{"minecraft:mob_kills":6,"minecraft:inspect_hopper":26,"minecraft:interact_with_crafting_table":5,"minecraft:fill_cauldron":6,"minecraft:leave_game":448,"minecraft:time_since_death":3745188,"minecraft:sprint_one_cm":4432760,"minecraft:walk_one_cm":8849436,"minecraft:drop":445,"minecraft:talked_to_villager":5298,"minecraft:deaths":12,"minecraft:sneak_time":137500,"minecraft:walk_under_water_one_cm":12102,"minecraft:jump":37133,"minecraft:walk_on_water_one_cm":8694,"minecraft:tune_noteblock":28,"minecraft:play_one_minute":8301373,"minecraft:pot_flower":11,"minecraft:time_since_rest":3487311,"minecraft:damage_taken":970,"minecraft:damage_dealt":1075,"minecraft:interact_with_beacon":1,"minecraft:fly_one_cm":34864842,"minecraft:open_chest":5,"minecraft:crouch_one_cm":131502,"minecraft:fall_one_cm":10246,"minecraft:horse_one_cm":11990}},"DataVersion":2230}