{"stat.useItem.18":227,"stat.useItem.6":110,"stat.useItem.19":3,"achievement.openInventory":329,"stat.useItem.145":3,"stat.jump":519,"achievement.exploreAllBiomes":{"value":0,"progress":["Taiga"]},"stat.useItem.3":783,"stat.useItem.58":2,"stat.useItem.5":23,"stat.useItem.54":7,"stat.useItem.53":23,"stat.climbOneCm":552,"stat.useItem.107":2,"stat.useItem.108":10,"stat.useItem.109":331,"stat.useItem.50":3,"stat.useItem.389":103,"stat.useItem.101":9,"stat.drop":12,"stat.useItem.133":9,"stat.useItem.174":13,"stat.useItem.331":76,"stat.useItem.49":4,"stat.swimOneCm":92,"stat.walkOneCm":1072640,"stat.useItem.45":466,"stat.useItem.44":381,"stat.useItem.42":25,"stat.useItem.41":21,"stat.useItem.401":16,"stat.useItem.82":9,"stat.useItem.35":43,"stat.useItem.85":8,"stat.useItem.323":67,"stat.useItem.76":5,"stat.useItem.123":81,"stat.useItem.173":13,"stat.useItem.126":3,"stat.useItem.31":1,"stat.useItem.70":4,"stat.useItem.27":12,"stat.useItem.159":1760,"stat.useItem.158":6,"stat.useItem.152":74,"stat.flyOneCm":608480,"stat.useItem.155":600,"stat.useItem.98":244,"stat.useItem.356":1,"stat.useItem.69":1,"stat.useItem.355":8,"stat.useItem.351":883,"stat.useItem.65":7,"stat.playOneMinute":243895,"stat.useItem.22":6,"stat.useItem.23":19}