{
  "type": "minecraft:entity",
  "pools": [
    {
      "rolls": 1,
      "bonus_rolls": 0,
      "entries": [
        {
          "type": "minecraft:item",
          "name": "redstone",
          "weight": 1,
          "functions": [
            {
              "function": "minecraft:set_count",
              "count": {
                "min": 0,
                "max": 1
              }
            },
            {
              "function": "minecraft:looting_enchant",
              "count": {
                "min": 0,
                "max": 1
              }
            }
          ],
          "conditions": [
            {
              "condition": "minecraft:inverted",
              "term": {
                "condition": "minecraft:alternative",
                "terms": [
                  {
                    "condition": "minecraft:inverted",
                    "term": {
                      "condition": "minecraft:entity_properties",
                      "entity": "this",
                      "predicate": {
                        "location": {
                          "light": {
                            "light": {
                              "min": 4,
                              "max": 15
                            }
                          }
                        }
                      }
                    }
                  }
                ]
              }
            },
            {
              "condition": "minecraft:inverted",
              "term": {
                "condition": "minecraft:killed_by_player",
                "inverse": false
              }
            },
            {
              "condition": "minecraft:random_chance",
              "chance": 0.35
            }
          ]
        }
      ],
      "conditions": [
        {
          "condition": "minecraft:killed_by_player"
        }
      ]
    }
  ]
}
