{
  "type": "minecraft:vegetation_patch",
  "config": {
    "surface": "floor",
    "depth": 1,
    "vertical_range": 9,
    "extra_bottom_block_chance": 0,
    "extra_edge_column_chance": 0.5,
    "vegetation_chance": 1,
    "xz_radius": {
      "type": "minecraft:biased_to_bottom",
      "value": {
        "min_inclusive": 0,
        "max_inclusive": 2
      }
    },
    "replaceable": "#terralith:soil_stone",
    "ground_state": {
      "type": "minecraft:simple_state_provider",
      "state": {
        "Name": "minecraft:stone"
      }
    },
    "vegetation_feature":{"placement":[],"feature": {
      "type": "minecraft:random_selector",
      "config": {
        "features": [],
        "default": {
          "feature": {
            "type": "minecraft:simple_block",
            "config": {
              "to_place": {
                "type": "minecraft:simple_state_provider",
                "state": {
                  "Name": "minecraft:stone"
                }
              }
            }
          },
          "placement": []
        }
      }
    }
  }}
}
