{"stats":{"minecraft:dropped":{"minecraft:red_concrete":4,"minecraft:repeating_command_block":15,"minecraft:piston":1,"minecraft:emerald_block":4,"minecraft:black_dye":29,"minecraft:diamond_block":1,"minecraft:loom":1,"minecraft:lime_concrete":3,"minecraft:crafting_table":1,"minecraft:lime_stained_glass":1,"minecraft:yellow_concrete":4,"minecraft:yellow_wool":1,"minecraft:lime_wool":2,"minecraft:barrier":2,"minecraft:comparator":1,"minecraft:yellow_stained_glass":1,"minecraft:red_wool":3,"minecraft:command_block":136,"minecraft:red_stained_glass":1,"minecraft:light_blue_concrete":4,"minecraft:oak_sign":6,"minecraft:gold_block":1,"minecraft:cobweb":1,"minecraft:iron_block":2,"minecraft:stone":7,"minecraft:oak_button":2,"minecraft:light_blue_stained_glass":1,"minecraft:repeater":4,"minecraft:light_blue_wool":1,"minecraft:glowstone":2,"minecraft:ladder":1,"minecraft:wooden_sword":3,"minecraft:white_banner":15,"minecraft:white_dye":59,"minecraft:beacon":1,"minecraft:chain_command_block":110,"minecraft:redstone_block":17,"minecraft:redstone":5},"minecraft:picked_up":{"minecraft:light_blue_concrete":1,"minecraft:redstone_block":1,"minecraft:white_banner":1,"minecraft:wooden_sword":2,"minecraft:yellow_concrete":2,"minecraft:redstone":1,"minecraft:rotten_flesh":3,"minecraft:command_block":3,"minecraft:oak_button":1},"minecraft:custom":{"minecraft:mob_kills":9,"minecraft:interact_with_crafting_table":1,"minecraft:play_one_minute":2708224,"minecraft:interact_with_loom":3,"minecraft:leave_game":59,"minecraft:time_since_death":547400,"minecraft:climb_one_cm":66033,"minecraft:time_since_rest":547426,"minecraft:sprint_one_cm":3658800,"minecraft:damage_taken":1550,"minecraft:walk_one_cm":1637856,"minecraft:drop":367,"minecraft:damage_dealt":1590,"minecraft:interact_with_beacon":3,"minecraft:fly_one_cm":32537521,"minecraft:crouch_one_cm":71175,"minecraft:deaths":14,"minecraft:sneak_time":61562,"minecraft:jump":21901,"minecraft:fall_one_cm":58188},"minecraft:killed":{"minecraft:zombie":9},"minecraft:used":{"minecraft:oak_fence":297,"minecraft:red_concrete":4841,"minecraft:red_stained_glass":64,"minecraft:redstone":298,"minecraft:lime_wool":40,"minecraft:ladder":560,"minecraft:oak_sign":114,"minecraft:stone":42,"minecraft:redstone_block":173,"minecraft:beacon":1,"minecraft:quartz_stairs":41,"minecraft:diamond_block":142,"minecraft:comparator":33,"minecraft:light_blue_concrete":5543,"minecraft:crafting_table":4,"minecraft:loom":4,"minecraft:light_blue_wool":37,"minecraft:yellow_concrete":4350,"minecraft:blue_concrete":412,"minecraft:light_blue_stained_glass":64,"minecraft:piston":2,"minecraft:lever":2,"minecraft:black_concrete":69,"minecraft:command_block":817,"minecraft:red_wool":264,"minecraft:yellow_stained_glass":71,"minecraft:iron_block":56,"minecraft:string":30,"minecraft:oak_button":51,"minecraft:barrier":488,"minecraft:iron_door":6,"minecraft:yellow_wool":37,"minecraft:tripwire_hook":11,"minecraft:glowstone":19,"minecraft:repeater":721,"minecraft:redstone_lamp":1,"minecraft:lime_concrete":4508,"minecraft:emerald_block":905,"minecraft:lime_stained_glass":67,"minecraft:white_banner":37,"minecraft:chain_command_block":156,"minecraft:gold_block":200,"minecraft:repeating_command_block":44,"minecraft:cobweb":7}},"DataVersion":2586}